skill_code,skill_uuid
fhlec,33c0d770-b2b0-4332-b6dd-5973c9fe61ff
fhasmb,b786d523-0aa6-486b-b523-7c083357f452
fhalign,8e6379dd-7f87-49fd-be12-67a3ecd1ff81
fhmisc,b4e0b7a5-2c34-4927-8c36-5e87b3c8d750
mscnc,d92358e6-1b47-48c0-8e3b-03e64e3e22a1
obcells,85fd07d1-806a-4edc-b186-ef742e2b379c
obopto,657eb0d3-74bf-4e55-bdac-205c27d295f1
obasmb,7c552c1b-9e07-41ee-b425-fb727eb893f2
obbat,479a4ff5-da7d-4ed6-a273-a174e2d3b9f0
obsplice,c623ed28-50a0-435e-851d-52d7bf492cb3
obmisc,453f2f73-a49e-496b-b72d-164723a55e29
obglass,38d1557e-ae52-406e-b6ca-6d5480387ed8
